0.000000000,1.63259
0.005804989,5.98491
0.011609977,7.07855
0.017414966,6.62368
0.023219955,1.67885
0.029024943,-1.41786
0.034829932,-3.09059
0.040634921,-2.86597
0.046439909,-2.95537
0.052244898,-3.29292
0.058049887,-3.95138
0.063854875,-3.6284
0.069659864,-3.02563
0.075464853,-2.75452
0.081269841,-2.34642
0.087074830,-2.7543
0.092879819,-3.00315
0.098684807,-3.16105
0.104489796,-3.3161
0.110294785,-3.50288
0.116099773,-3.86738
0.121904762,-3.62329
0.127709751,-2.98267
0.133514739,-2.34387
0.139319728,-1.76311
0.145124717,-2.17804
0.150929705,-3.25571
0.156734694,-3.69527
0.162539683,-2.89064
0.168344671,-2.91687
0.174149660,-1.98727
0.179954649,-1.99808
0.185759637,-2.55274
0.191564626,-3.05541
0.197369615,-3.95921
0.203174603,-3.69839
0.208979592,-2.69626
0.214784580,-2.89002
0.220589569,-2.94477
0.226394558,-2.71019
0.232199546,-2.4214
0.238004535,-2.49564
0.243809524,-2.39926
0.249614512,-3.24608
0.255419501,-3.92307
0.261224490,-3.6809
0.267029478,-3.1078
0.272834467,-2.60372
0.278639456,-2.51714
0.284444444,-2.70017
0.290249433,-2.98605
0.296054422,-3.19001
0.301859410,-2.96297
0.307664399,-2.38144
0.313469388,-2.75315
0.319274376,-3.18119
0.325079365,-2.59259
0.330884354,-1.33342
0.336689342,-0.576473
0.342494331,-1.80541
0.348299320,-1.96366
0.354104308,-3.85183
0.359909297,-4.89048
0.365714286,-4.55124
0.371519274,-5.12431
0.377324263,-5.14081
0.383129252,-4.30643
0.388934240,-3.56637
0.394739229,-3.5839
0.400544218,-2.76229
0.406349206,-1.80287
0.412154195,-0.645619
0.417959184,-0.353772
0.423764172,-2.11846
0.429569161,-3.95416
0.435374150,-6.03186
0.441179138,-5.12006
0.446984127,-4.55768
0.452789116,-1.96647
0.458594104,5.90576
0.464399093,19.2044
0.470204082,32.1851
0.476009070,46.6242
0.481814059,51.6037
0.487619048,40.5196
0.493424036,26.7161
0.499229025,17.4836
0.505034014,12.6993
0.510839002,-1.28935
0.516643991,-27.0326
0.522448980,-33.4847
0.528253968,-55.8539
0.534058957,-55.9319
0.539863946,-50.8815
0.545668934,-39.1875
0.551473923,-31.6051
0.557278912,-32.4725
0.563083900,-33.8311
0.568888889,-35.5944
0.574693878,-37.6612
0.580498866,-33.4569
0.586303855,-31.8819
0.592108844,-42.8352
0.597913832,-47.5221
0.603718821,-65.7677
0.609523810,-98.304
0.615328798,-113.412
0.621133787,-107.185
0.626938776,-112.17
0.632743764,-116.93
0.638548753,-115.98
0.644353741,-106.451
0.650158730,-96.0048
0.655963719,-85.7788
0.661768707,-74.3212
0.667573696,-73.6635
0.673378685,-97.4947
0.679183673,-126.835
0.684988662,-112.723
0.690793651,-95.8035
0.696598639,-85.4773
0.702403628,-77.8629
0.708208617,-82.5838
0.714013605,-77.2038
0.719818594,-66.1979
0.725623583,-62.8456
0.731428571,-66.3151
0.737233560,-62.7972
0.743038549,-61.0382
0.748843537,-65.5043
0.754648526,-63.6573
0.760453515,-54.1121
0.766258503,-48.1235
0.772063492,-42.6635
0.777868481,-35.8142
0.783673469,-34.0534
0.789478458,-36.3703
0.795283447,-46.5574
0.801088435,-60.5895
0.806893424,-67.0222
0.812698413,-66.8085
0.818503401,-63.8055
0.824308390,-56.1629
0.830113379,-51.2064
0.835918367,-54.6985
0.841723356,-54.0531
0.847528345,-51.0839
0.853333333,-48.2066
0.859138322,-41.5371
0.864943311,-33.2035
0.870748299,-21.9798
0.876553288,-17.1211
0.882358277,-13.0338
0.888163265,-11.8056
0.893968254,-11.4251
0.899773243,-11.2847
0.905578231,-11.9821
0.911383220,-18.4814
0.917188209,-22.6027
0.922993197,-23.7464
0.928798186,-28.6623
0.934603175,-38.3198
0.940408163,-49.7723
0.946213152,-59.7525
0.952018141,-57.7412
0.957823129,-59.433
0.963628118,-62.3593
0.969433107,-64.0005
0.975238095,-61.0278
0.981043084,-49.7907
0.986848073,-45.5997
0.992653061,-30.6755
0.998458050,-12.515
1.004263039,8.43501
1.010068027,3.40727
1.015873016,-14.9116
1.021678005,-21.0266
1.027482993,-22.6473
1.033287982,-23.3987
1.039092971,-28.3229
1.044897959,-36.4566
1.050702948,-38.0577
1.056507937,-31.7484
1.062312925,-33.5168
1.068117914,-41.4772
1.073922902,-52.4427
1.079727891,-65.3976
1.085532880,-66.668
1.091337868,-67.1318
1.097142857,-66.17
1.102947846,-63.172
1.108752834,-58.2687
1.114557823,-54.4098
1.120362812,-51.4334
1.126167800,-47.5079
1.131972789,-43.2265
1.137777778,-37.5259
1.143582766,-32.2465
1.149387755,-24.8513
1.155192744,-18.877
1.160997732,-13.0551
1.166802721,-10.5049
1.172607710,-14.2905
1.178412698,-15.1962
1.184217687,-13.1581
1.190022676,-10.8274
1.195827664,-12.2831
1.201632653,-16.2171
1.207437642,-21.2654
1.213242630,-22.3788
1.219047619,-23.3705
1.224852608,-31.47
1.230657596,-42.0104
1.236462585,-55.1177
1.242267574,-65.4235
1.248072562,-63.6137
1.253877551,-58.0514
1.259682540,-50.2245
1.265487528,-45.0851
1.271292517,-41.2006
1.277097506,-40.6345
1.282902494,-40.3025
1.288707483,-39.0414
1.294512472,-35.8251
1.300317460,-32.0361
1.306122449,-29.5928
1.311927438,-23.2914
1.317732426,-12.2565
1.323537415,-3.05492
1.329342404,-7.37498
1.335147392,-17.9477
1.340952381,-19.3515
1.346757370,-20.7084
1.352562358,-21.6477
1.358367347,-22.3305
1.364172336,-30.162
1.369977324,-40.3087
1.375782313,-48.1442
1.381587302,-56.9039
1.387392290,-59.9688
1.393197279,-57.107
1.399002268,-54.2565
1.404807256,-50.7231
1.410612245,-46.8795
1.416417234,-40.3016
1.422222222,-33.482
1.428027211,-33.6182
1.433832200,-38.0976
1.439637188,-52.2422
1.445442177,-48.5708
1.451247166,-41.5019
1.457052154,-38.5761
1.462857143,-35.2798
1.468662132,-27.6201
1.474467120,-14.3155
1.480272109,-8.14032
1.486077098,-3.13912
1.491882086,-2.5092
1.497687075,2.9707
1.503492063,6.51378
1.509297052,-7.43339
1.515102041,-19.4792
1.520907029,-28.6058
1.526712018,-34.2509
1.532517007,-37.6401
1.538321995,-45.8274
1.544126984,-60.4496
1.549931973,-52.696
1.555736961,-48.1711
1.561541950,-47.9793
1.567346939,-40.496
1.573151927,-34.5645
1.578956916,-30.8764
1.584761905,-27.5964
1.590566893,-25.4414
1.596371882,-22.0955
1.602176871,-11.1576
1.607981859,-0.800263
1.613786848,4.54971
1.619591837,-2.96294
1.625396825,-14.2895
1.631201814,-15.3586
1.637006803,-19.9733
1.642811791,-24.9063
1.648616780,-24.7853
1.654421769,-21.1312
1.660226757,-17.8811
1.666031746,-18.5282
1.671836735,-19.1542
1.677641723,-26.496
1.683446712,-42.5307
1.689251701,-54.9259
1.695056689,-49.2392
1.700861678,-43.3977
1.706666667,-38.8013
1.712471655,-37.0359
1.718276644,-38.6695
1.724081633,-45.549
1.729886621,-44.0279
1.735691610,-33.5406
1.741496599,-21.2544
1.747301587,2.35339
1.753106576,32.4842
1.758911565,35.4732
1.764716553,20.1266
1.770521542,11.7958
1.776326531,16.9946
1.782131519,13.8128
1.787936508,-18.1288
1.793741497,-33.4426
1.799546485,-49.7733
1.805351474,-54.9598
1.811156463,-41.3782
1.816961451,-38.7465
1.822766440,-41.5858
1.828571429,-66.0047
1.834376417,-90.2151
1.840181406,-98.0045
1.845986395,-88.9052
1.851791383,-81.5208
1.857596372,-78.1874
1.863401361,-68.2674
1.869206349,-67.9643
1.875011338,-77.8194
1.880816327,-102.277
1.886621315,-110.428
1.892426304,-97.5301
1.898231293,-85.7652
1.904036281,-63.1823
1.909841270,-46.6799
1.915646259,-53.1228
1.921451247,-50.5753
1.927256236,-57.5686
1.933061224,-59.5936
1.938866213,-59.938
1.944671202,-51.3083
1.950476190,-47.4305
1.956281179,-51.5113
1.962086168,-52.2592
1.967891156,-55
1.973696145,-60.5067
1.979501134,-59.6814
1.985306122,-50.5264
1.991111111,-41.3362
1.996916100,-37.2975
2.002721088,-42.7383
2.008526077,-43.4837
2.014331066,-42.1513
2.020136054,-41.1862
2.025941043,-42.9918
2.031746032,-41.451
2.037551020,-38.2112
2.043356009,-30.9149
2.049160998,-13.5901
2.054965986,13.5058
2.060770975,27.6685
2.066575964,12.1703
2.072380952,-7.67617
2.078185941,-18.7842
2.083990930,-23.8974
2.089795918,-33.3524
2.095600907,-50.753
2.101405896,-59.2374
2.107210884,-61.634
2.113015873,-62.2036
2.118820862,-61.2543
2.124625850,-56.7845
2.130430839,-52.4686
2.136235828,-51.5446
2.142040816,-48.5817
2.147845805,-38.6618
2.153650794,-17.9613
2.159455782,4.32944
2.165260771,17.2642
2.171065760,-4.48154
2.176870748,-18.2316
2.182675737,-20.0784
2.188480726,-10.094
2.194285714,-2.78637
2.200090703,-11.6536
2.205895692,-23.8935
2.211700680,-28.6302
2.217505669,-31.2565
2.223310658,-47.8607
2.229115646,-67.8794
2.234920635,-81.6736
2.240725624,-78.7797
2.246530612,-75.1814
2.252335601,-71.85
2.258140590,-65.7042
2.263945578,-58.1219
2.269750567,-48.7135
2.275555556,-31.8122
2.281360544,-22.1086
2.287165533,-21.5097
2.292970522,-36.1768
2.298775510,-55.6842
2.304580499,-46.257
2.310385488,-35.4215
2.316190476,-16.6192
2.321995465,-1.19697
2.327800454,4.73732
2.333605442,0.300884
2.339410431,-4.48397
2.345215420,-11.518
2.351020408,-21.7539
2.356825397,-27.5023
2.362630385,-29.2145
2.368435374,-32.9935
2.374240363,-54.4277
2.380045351,-73.468
2.385850340,-64.3
2.391655329,-50.1679
2.397460317,-41.5883
2.403265306,-31.5274
2.409070295,-32.5796
2.414875283,-33.9256
2.420680272,-35.1268
2.426485261,-40.9627
2.432290249,-42.3828
2.438095238,-38.8423
2.443900227,-40.5799
2.449705215,-47.6685
2.455510204,-61.0611
2.461315193,-80.3396
2.467120181,-93.3527
2.472925170,-100.014
2.478730159,-100.842
2.484535147,-106.3
2.490340136,-101.408
2.496145125,-91.8695
2.501950113,-85.0402
2.507755102,-83.3206
2.513560091,-80.6794
2.519365079,-84.65
2.525170068,-81.7279
2.530975057,-74.9924
2.536780045,-73.7754
2.542585034,-68.8829
2.548390023,-61.8371
2.554195011,-58.3493
2.560000000,-60.4022
2.565804989,-57.8568
2.571609977,-60.2048
2.577414966,-65.4488
2.583219955,-55.2966
2.589024943,-44.087
2.594829932,-34.0376
2.600634921,-18.8074
2.606439909,-8.14866
2.612244898,5.40884
2.618049887,23.2354
2.623854875,25.358
2.629659864,-4.46585
2.635464853,-25.8251
2.641269841,-50.4558
2.647074830,-71.694
2.652879819,-74.8109
2.658684807,-70.0998
2.664489796,-55.6141
2.670294785,-39.611
2.676099773,-30.4475
2.681904762,-25.6542
2.687709751,-29.0198
2.693514739,-48.6648
2.699319728,-58.0671
2.705124717,-51.4434
2.710929705,-39.2151
2.716734694,-18.6964
2.722539683,-6.91656
2.728344671,-1.40427
2.734149660,1.54245
2.739954649,-1.30017
2.745759637,-17.9734
2.751564626,-27.6837
2.757369615,-41.9448
2.763174603,-56.8491
2.768979592,-60.8214
2.774784580,-62.494
2.780589569,-61.4547
2.786394558,-66.571
2.792199546,-67.5443
2.798004535,-59.3054
2.803809524,-56.2621
2.809614512,-57.3907
2.815419501,-59.5391
2.821224490,-67.9054
2.827029478,-67.1916
2.832834467,-65.5706
2.838639456,-64.1497
2.844444444,-63.6708
2.850249433,-60.3695
2.856054422,-55.9463
2.861859410,-52.4607
2.867664399,-50.9593
2.873469388,-51.4736
2.879274376,-51.7855
2.885079365,-44.5164
2.890884354,-19.4048
2.896689342,12.8948
2.902494331,55.3168
2.908299320,74.2223
2.914104308,65.0076
2.919909297,37.6189
2.925714286,4.25155
2.931519274,-24.9505
2.937324263,-44.7243
2.943129252,-56.2754
2.948934240,-59.8223
2.954739229,-62.9502
2.960544218,-65.9351
2.966349206,-76.5727
2.972154195,-116.615
2.977959184,-160.25
2.983764172,-179.749
2.989569161,-175.35
2.995374150,-166.972
3.001179138,-150.818
3.006984127,-138.445
3.012789116,-134.235
3.018594104,-130.738
3.024399093,-125.123
3.030204082,-119.66
3.036009070,-103.997
3.041814059,-76.0433
3.047619048,-66.4606
3.053424036,-56.6524
3.059229025,-61.3664
3.065034014,-67.2142
3.070839002,-61.6284
3.076643991,-56.8509
3.082448980,-57.9139
3.088253968,-76.2522
3.094058957,-104.078
3.099863946,-121.408
3.105668934,-122.157
3.111473923,-115.303
3.117278912,-99.5556
3.123083900,-81.8969
3.128888889,-80.9312
3.134693878,-80.4926
3.140498866,-84.7047
3.146303855,-93.5891
3.152108844,-91.646
3.157913832,-85.0308
3.163718821,-80.6695
3.169523810,-83.2375
3.175328798,-80.9063
3.181133787,-76.7015
3.186938776,-73.2493
3.192743764,-67.7377
3.198548753,-64.5957
3.204353741,-64.3233
3.210158730,-57.4741
3.215963719,-38.8147
3.221768707,-11.3903
3.227573696,27.8216
3.233378685,27.2053
3.239183673,-16.8387
3.244988662,-26.6156
3.250793651,-59.0039
3.256598639,-67.0536
3.262403628,-62.3193
3.268208617,-52.5744
3.274013605,-50.7495
3.279818594,-55.4462
3.285623583,-71.824
3.291428571,-73.5817
3.297233560,-65.684
3.303038549,-64.8647
3.308843537,-61.8237
3.314648526,-40.609
3.320453515,-16.966
3.326258503,15.2275
3.332063492,32.1126
3.337868481,18.2263
3.343673469,-4.28383
3.349478458,-27.3372
3.355283447,-33.2598
3.361088435,-56.9957
3.366893424,-65.3304
3.372698413,-57.1069
3.378503401,-45.067
3.384308390,-30.5066
3.390113379,-31.3357
3.395918367,-32.5672
3.401723356,-44.4917
3.407528345,-62.1887
3.413333333,-77.8037
3.419138322,-85.634
3.424943311,-77.7344
3.430748299,-67.6475
3.436553288,-66.4859
3.442358277,-72.1879
3.448163265,-76.3333
3.453968254,-71.68
3.459773243,-74.6159
3.465578231,-76.6227
3.471383220,-65.7262
3.477188209,-48.363
3.482993197,-22.3027
3.488798186,-10.0934
3.494603175,0.143396
3.500408163,-12.2253
3.506213152,-26.1468
3.512018141,-27.9434
3.517823129,-36.0933
3.523628118,-52.2098
3.529433107,-63.4259
3.535238095,-68.9418
3.541043084,-66.9785
3.546848073,-58.1746
3.552653061,-49.8907
3.558458050,-45.3164
3.564263039,-46.3385
3.570068027,-57.5642
3.575873016,-70.1768
3.581678005,-64.5753
3.587482993,-56.4745
3.593287982,-57.0106
3.599092971,-56.3777
3.604897959,-57.7403
3.610702948,-57.6529
3.616507937,-58.9027
3.622312925,-56.7168
3.628117914,-52.0794
3.633922902,-49.2746
3.639727891,-43.4688
3.645532880,-39.2315
3.651337868,-38.1184
3.657142857,-41.9762
3.662947846,-54.002
3.668752834,-66.7986
3.674557823,-68.5894
3.680362812,-66.5606
3.686167800,-60.4994
3.691972789,-52.3207
3.697777778,-49.3561
3.703582766,-45.9359
3.709387755,-36.2292
3.715192744,-26.6363
3.720997732,-24.1674
3.726802721,-25.1036
3.732607710,-26.1255
3.738412698,-31.8899
3.744217687,-43.9343
3.750022676,-57.6539
3.755827664,-71.7437
3.761632653,-72.6516
3.767437642,-66.3048
3.773242630,-64.0547
3.779047619,-65.9665
3.784852608,-58.7193
3.790657596,-43.4694
3.796462585,-18.1944
3.802267574,16.0225
3.808072562,26.2797
3.813877551,-7.4993
3.819682540,-23.353
3.825487528,-25.7025
3.831292517,-26.6923
3.837097506,-28.1209
3.842902494,-28.9351
3.848707483,-43.077
3.854512472,-53.5767
3.860317460,-59.7798
3.866122449,-66.7985
3.871927438,-78.0728
3.877732426,-85.0592
3.883537415,-81.1328
3.889342404,-74.4368
3.895147392,-74.4808
3.900952381,-46.5765
3.906757370,-23.4436
3.912562358,-12.7641
3.918367347,-9.64062
3.924172336,-16.6163
3.929977324,-16.4294
3.935782313,-15.0857
3.941587302,-17.7478
3.947392290,-23.2034
3.953197279,-27.3653
3.959002268,-30.519
3.964807256,-42.9327
3.970612245,-62.1502
3.976417234,-77.6296
3.982222222,-79.3893
3.988027211,-71.8554
3.993832200,-60.2471
3.999637188,-48.5459
4.005442177,-47.5752
4.011247166,-48.7336
4.017052154,-52.0181
4.022857143,-60.4824
4.028662132,-59.6061
4.034467120,-49.1198
4.040272109,-36.7874
4.046077098,-17.4541
4.051882086,28.5222
4.057687075,61.1682
4.063492063,49.6097
4.069297052,4.42047
4.075102041,-31.9376
4.080907029,-34.7953
4.086712018,-41.7322
4.092517007,-45.7609
4.098321995,-51.0628
4.104126984,-58.3899
4.109931973,-67.4024
4.115736961,-74.4239
4.121541950,-82.8725
4.127346939,-95.3494
4.133151927,-98.6971
4.138956916,-94.6388
4.144761905,-88.2398
4.150566893,-82.121
4.156371882,-79.485
4.162176871,-82.1367
4.167981859,-81.3634
4.173786848,-78.4816
4.179591837,-84.6886
4.185396825,-79.7433
4.191201814,-68.267
4.197006803,-55.7791
4.202811791,-55.4739
4.208616780,-49.187
4.214421769,-48.1663
4.220226757,-45.7538
4.226031746,-40.7624
4.231836735,-45.9505
4.237641723,-56.9248
4.243446712,-70.8323
4.249251701,-71.5032
4.255056689,-69.1808
4.260861678,-66.6356
4.266666667,-64.5303
4.272471655,-56.6432
4.278276644,-46.2974
4.284081633,-35.6479
4.289886621,-37.2341
4.295691610,-31.8719
4.301496599,-35.7762
4.307301587,-47.6156
4.313106576,-56.5758
4.318911565,-48.0498
4.324716553,-41.0468
4.330521542,-34.7634
4.336326531,-22.8213
4.342131519,-6.20491
4.347936508,8.34738
4.353741497,11.3352
4.359546485,9.66395
4.365351474,10.0185
4.371156463,1.14372
4.376961451,-28.1779
4.382766440,-32.4218
4.388571429,-70.9811
4.394376417,-87.6845
4.400181406,-85.541
4.405986395,-79.7887
4.411791383,-74.9686
4.417596372,-70.4858
4.423401361,-61.0428
4.429206349,-49.2579
4.435011338,-37.0631
4.440816327,-32.7543
4.446621315,-28.0596
4.452426304,-28.166
4.458231293,-38.9441
4.464036281,-49.6257
4.469841270,-48.0581
4.475646259,-43.2933
4.481451247,-28.6592
4.487256236,-12.6465
4.493061224,8.91853
4.498866213,11.7473
4.504671202,0.0135593
4.510476190,-14.1425
4.516281179,-26.9916
4.522086168,-31.104
4.527891156,-59.3871
4.533696145,-74.2254
4.539501134,-66.7739
4.545306122,-61.0263
4.551111111,-62.1871
4.556916100,-58.9784
4.562721088,-52.0653
4.568526077,-49.8424
4.574331066,-55.5687
4.580136054,-67.5414
4.585941043,-61.7166
4.591746032,-55.7073
4.597551020,-52.5289
4.603356009,-48.4667
4.609160998,-42.7149
4.614965986,-36.0793
4.620770975,-25.3239
4.626575964,-13.2032
4.632380952,4.31293
4.638185941,16.3996
4.643990930,14.0446
4.649795918,-4.22177
4.655600907,-20.4082
4.661405896,-21.9867
4.667210884,-25.487
4.673015873,-26.9648
4.678820862,-26.3515
4.684625850,-35.8405
4.690430839,-42.4186
4.696235828,-32.5181
4.702040816,-19.8565
4.707845805,-23.5037
4.713650794,-35.5067
4.719455782,-75.5704
4.725260771,-71.2709
4.731065760,-65.9264
4.736870748,-63.1356
4.742675737,-63.8196
4.748480726,-63.5584
4.754285714,-60.7248
4.760090703,-52.4256
4.765895692,-42.9015
4.771700680,-22.4074
4.777505669,-9.19386
4.783310658,-2.93914
4.789115646,-12.0532
4.794920635,-22.8779
4.800725624,-26.253
4.806530612,-41.3096
4.812335601,-49.2624
4.818140590,-52.7086
4.823945578,-47.6942
4.829750567,-42.2232
4.835555556,-43.6656
4.841360544,-54.3704
4.847165533,-64.3388
4.852970522,-55.0359
4.858775510,-49.3936
4.864580499,-59.2113
4.870385488,-58.5536
4.876190476,-51.8491
4.881995465,-50.3091
4.887800454,-57.4877
4.893605442,-54.3846
4.899410431,-46.1581
4.905215420,-40.4574
4.911020408,-38.7842
4.916825397,-36.3631
4.922630385,-26.4202
4.928435374,-15.6542
4.934240363,-6.36589
4.940045351,0.149471
4.945850340,-1.3045
4.951655329,-14.9171
4.957460317,-19.8369
4.963265306,-36.0067
4.969070295,-48.0487
4.974875283,-46.2464
4.980680272,-43.9654
4.986485261,-44.8737
4.992290249,-49.599
4.998095238,-51.4609
5.003900227,-51.8007
5.009705215,-49.4291
5.015510204,-46.5236
5.021315193,-42.6938
5.027120181,-27.6162
5.032925170,-19.9339
5.038730159,-20.9062
5.044535147,-18.9476
5.050340136,-20.8111
5.056145125,-15.3538
5.061950113,-5.84123
5.067755102,5.22755
5.073560091,8.49948
5.079365079,1.3776
5.085170068,-14.9059
5.090975057,-17.5111
5.096780045,-28.6587
5.102585034,-33.8364
5.108390023,-34.0142
5.114195011,-34.4319
5.120000000,-36.9606
5.125804989,-41.2536
5.131609977,-44.2381
5.137414966,-45.6476
5.143219955,-43.4997
5.149024943,-41.6377
5.154829932,-35.1253
5.160634921,-28.021
5.166439909,-27.6354
5.172244898,-23.5409
5.178049887,-20.8732
5.183854875,-27.1469
5.189659864,-37.0819
5.195464853,-48.836
5.201269841,-46.2613
5.207074830,-44.5963
5.212879819,-35.8962
5.218684807,-22.3365
5.224489796,-9.93385
5.230294785,23.6519
5.236099773,86.7864
5.241904762,166.983
5.247709751,214.34
5.253514739,139.996
5.259319728,6.8842
5.265124717,-62.0224
5.270929705,-81.6475
5.276734694,-129.848
5.282539683,-164.258
5.288344671,-178.01
5.294149660,-168.577
5.299954649,-155.814
5.305759637,-138.695
5.311564626,-127.031
5.317369615,-124.625
5.323174603,-120.563
5.328979592,-115.926
5.334784580,-109.992
5.340589569,-103.587
5.346394558,-106.783
5.352199546,-115.24
5.358004535,-128.404
5.363809524,-132.445
5.369614512,-125.943
5.375419501,-116.613
5.381224490,-96.2014
5.387029478,-77.1343
5.392834467,-79.909
5.398639456,-80.1202
5.404444444,-88.1802
5.410249433,-93.172
5.416054422,-95.9874
5.421859410,-96.6364
5.427664399,-92.329
5.433469388,-82.3463
5.439274376,-83.103
5.445079365,-76.5187
5.450884354,-71.8156
5.456689342,-75.3801
5.462494331,-80.2002
5.468299320,-87.4466
5.474104308,-91.5472
5.479909297,-90.4608
5.485714286,-93.7944
5.491519274,-94.4313
5.497324263,-95.7312
5.503129252,-96.969
5.508934240,-88.3847
5.514739229,-74.632
5.520544218,-69.6919
5.526349206,-84.0499
5.532154195,-88.0883
5.537959184,-76.0125
5.543764172,-57.7403
5.549569161,-29.8738
5.555374150,-22.9423
5.561179138,-26.6002
5.566984127,-29.2616
5.572789116,-34.583
5.578594104,-52.4545
5.584399093,-66.7803
5.590204082,-71.2738
5.596009070,-63.0244
5.601814059,-65.9685
5.607619048,-69.8287
5.613424036,-73.64
5.619229025,-69.5313
5.625034014,-72.4907
5.630839002,-76.4209
5.636643991,-73.9561
5.642448980,-58.7303
5.648253968,-29.9647
5.654058957,-3.82337
5.659863946,14.7432
5.665668934,-7.56107
5.671473923,-27.3828
5.677278912,-35.2552
5.683083900,-47.3918
5.688888889,-40.0887
5.694693878,-37.7748
5.700498866,-36.6925
5.706303855,-33.812
5.712108844,-35.4301
5.717913832,-36.7031
5.723718821,-53.4134
5.729523810,-94.305
5.735328798,-97.7298
5.741133787,-93.4155
5.746938776,-86.9375
5.752743764,-72.8517
5.758548753,-60.1186
5.764353741,-39.1614
5.770158730,-27.7485
5.775963719,-25.1885
5.781768707,-27.0298
5.787573696,-57.3922
5.793378685,-68.5733
5.799183673,-41.7429
5.804988662,-19.5412
5.810793651,-4.82321
5.816598639,-16.2153
5.822403628,-23.4796
5.828208617,-31.3764
5.834013605,-36.3559
5.839818594,-50.5115
5.845623583,-80.7823
5.851428571,-92.3253
5.857233560,-94.4538
5.863038549,-90.4013
5.868843537,-81.7065
5.874648526,-71.5942
5.880453515,-62.7354
5.886258503,-58.0837
5.892063492,-61.6324
5.897868481,-68.3681
5.903673469,-72.0557
5.909478458,-67.0687
5.915283447,-68.2733
5.921088435,-71.2416
5.926893424,-78.0074
5.932698413,-67.7896
5.938503401,-60.3979
5.944308390,-61.8711
5.950113379,-62.633
5.955918367,-67.7302
5.961723356,-66.6114
5.967528345,-63.0512
5.973333333,-59.0401
5.979138322,-54.5678
5.984943311,-57.7728
5.990748299,-65.4906
5.996553288,-70.639
6.002358277,-63.0825
6.008163265,-61.7888
6.013968254,-56.5177
6.019773243,-46.35
6.025578231,-42.7169
6.031383220,-43.9258
6.037188209,-58.9818
6.042993197,-78.461
6.048798186,-73.4748
6.054603175,-70.0698
6.060408163,-62.4512
6.066213152,-51.4614
6.072018141,-43.4255
6.077823129,-57.9814
6.083628118,-58.4289
6.089433107,-41.7063
6.095238095,-18.8729
6.101043084,26.8181
6.106848073,67.2118
6.112653061,62.2575
6.118458050,18.3994
6.124263039,-34.8403
6.130068027,-37.583
6.135873016,-75.3579
6.141678005,-90.6204
6.147482993,-85.3712
6.153287982,-80.5032
6.159092971,-95.2041
6.164897959,-104.229
6.170702948,-98.9181
6.176507937,-88.8342
6.182312925,-89.5335
6.188117914,-68.8778
6.193922902,-53.79
6.199727891,-48.1435
6.205532880,-50.5492
6.211337868,-35.7749
6.217142857,-10.626
6.222947846,14.9781
6.228752834,15.1974
6.234557823,-6.87945
6.240362812,-25.2182
6.246167800,-34.1308
6.251972789,-35.8629
6.257777778,-48.153
6.263582766,-72.892
6.269387755,-91.9568
6.275192744,-87.6559
6.280997732,-84.4001
6.286802721,-82.2994
6.292607710,-75.7662
6.298412698,-72.9709
6.304217687,-79.8493
6.310022676,-87.8932
6.315827664,-79.3837
6.321632653,-63.7423
6.327437642,-61.3777
6.333242630,-76.7606
6.339047619,-82.5717
6.344852608,-73.2023
6.350657596,-59.0523
6.356462585,-23.9289
6.362267574,41.3257
6.368072562,87.3677
6.373877551,64.8667
6.379682540,8.29105
6.385487528,-32.0464
6.391292517,-48.25
6.397097506,-51.1351
6.402902494,-53.1142
6.408707483,-68.1611
6.414512472,-81.452
6.420317460,-100.935
6.426122449,-125.379
6.431927438,-141.647
6.437732426,-132.356
6.443537415,-128.419
6.449342404,-127.59
6.455147392,-127.557
6.460952381,-123.814
6.466757370,-112.23
6.472562358,-101.311
6.478367347,-103.561
6.484172336,-116.947
6.489977324,-111.635
6.495782313,-97.3611
6.501587302,-70.762
6.507392290,-54.7266
6.513197279,-41.3115
6.519002268,-45.497
6.524807256,-64.4682
6.530612245,-86.5596
6.536417234,-102.926
6.542222222,-103.598
6.548027211,-92.9115
6.553832200,-84.5295
6.559637188,-85.0859
6.565442177,-84.3958
6.571247166,-81.4774
6.577052154,-74.5727
6.582857143,-69.5297
6.588662132,-67.5665
6.594467120,-77.3286
6.600272109,-92.4227
6.606077098,-92.2202
6.611882086,-94.3539
6.617687075,-90.4884
6.623492063,-75.8513
6.629297052,-64.2409
6.635102041,-60.8979
6.640907029,-70.5137
6.646712018,-61.8688
6.652517007,-35.3885
6.658321995,1.91743
6.664126984,45.2537
6.669931973,34.787
6.675736961,-21.8554
6.681541950,-30.8124
6.687346939,-69.3752
6.693151927,-70.8095
6.698956916,-68.7782
6.704761905,-71.0105
6.710566893,-74.8337
6.716371882,-70.0702
6.722176871,-60.853
6.727981859,-69.6646
6.733786848,-90.4446
6.739591837,-81.6013
6.745396825,-57.0263
6.751201814,-24.3415
6.757006803,6.35189
6.762811791,1.11819
6.768616780,-25.5406
6.774421769,-55.4773
6.780226757,-59.3105
6.786031746,-43.8108
6.791836735,-38.5197
6.797641723,-27.6906
6.803446712,-29.0344
6.809251701,-29.392
6.815056689,-31.9269
6.820861678,-39.934
6.826666667,-72.6104
6.832471655,-91.2393
6.838276644,-81.9714
6.844081633,-68.1751
6.849886621,-55.2744
6.855691610,-56.6628
6.861496599,-40.561
6.867301587,-32.1642
6.873106576,-41.4229
6.878911565,-64.245
6.884716553,-78.3717
6.890521542,-65.471
6.896326531,-57.1607
6.902131519,-50.0552
6.907936508,-53.2004
6.913741497,-49.3707
6.919546485,-17.0636
6.925351474,42.3167
6.931156463,69.055
6.936961451,32.9292
6.942766440,-12.6879
6.948571429,-28.8291
6.954376417,-35.4764
6.960181406,-46.2573
6.965986395,-48.7149
6.971791383,-51.2723
6.977596372,-59.9724
6.983401361,-83.6672
6.989206349,-115.854
6.995011338,-139.429
7.000816327,-130.092
7.006621315,-111.212
7.012426304,-96.3668
7.018231293,-91.1074
7.024036281,-77.5168
7.029841270,-76.7441
7.035646259,-87.2318
7.041451247,-102.499
7.047256236,-117.139
7.053061224,-115.109
7.058866213,-104.814
7.064671202,-98.1292
7.070476190,-93.0062
7.076281179,-79.5405
7.082086168,-68.302
7.087891156,-77.9631
7.093696145,-86.4398
7.099501134,-84.261
7.105306122,-78.6998
7.111111111,-70.6295
7.116916100,-71.4115
7.122721088,-94.1772
7.128526077,-105.597
7.134331066,-104.342
7.140136054,-102.593
7.145941043,-105.843
7.151746032,-113.691
7.157551020,-123.931
7.163356009,-137.585
7.169160998,-136.039
7.174965986,-128.387
7.180770975,-123.789
7.186575964,-119.753
7.192380952,-116.596
7.198185941,-116.657
7.203990930,-111.451
7.209795918,-99.0977
7.215600907,-86.5009
7.221405896,-76.7673
7.227210884,-57.0903
7.233015873,-28.5694
7.238820862,12.1664
7.244625850,18.8204
7.250430839,-5.64214
7.256235828,-28.8903
7.262040816,-32.2953
7.267845805,-36.6237
7.273650794,-48.0829
7.279455782,-56.2065
7.285260771,-97.6945
7.291065760,-131.136
7.296870748,-128.323
7.302675737,-121.875
7.308480726,-118.401
7.314285714,-117.819
7.320090703,-113.436
7.325895692,-103.448
7.331700680,-88.4423
7.337505669,-60.5073
7.343310658,-45.8273
7.349115646,-35.4234
7.354920635,-36.2758
7.360725624,-37.7956
7.366530612,-43.0878
7.372335601,-54.0129
7.378140590,-79.2221
7.383945578,-105.533
7.389750567,-98.4515
7.395555556,-98.6165
7.401360544,-97.5116
7.407165533,-84.8215
7.412970522,-68.5363
7.418775510,-53.7118
7.424580499,-45.1641
7.430385488,-31.9139
7.436190476,-33.2451
7.441995465,-34.7216
7.447800454,-35.8932
7.453605442,-50.4263
7.459410431,-70.0284
7.465215420,-91.7527
7.471020408,-100.471
7.476825397,-94.824
7.482630385,-87.322
7.488435374,-81.9974
7.494240363,-73.0876
7.500045351,-59.7777
7.505850340,-51.5347
7.511655329,-64.0558
7.517460317,-46.3448
7.523265306,31.5183
7.529070295,153.334
7.534875283,200.169
7.540680272,112.592
7.546485261,-12.9533
7.552290249,-64.9482
7.558095238,-70.6963
7.563900227,-88.3071
7.569705215,-118.729
7.575510204,-157.797
7.581315193,-193.34
7.587120181,-185.34
7.592925170,-177.691
7.598730159,-168.407
7.604535147,-155.027
7.610340136,-135.19
7.616145125,-123.975
7.621950113,-123.741
7.627755102,-119.184
7.633560091,-123.821
7.639365079,-124.235
7.645170068,-112.74
7.650975057,-106.341
7.656780045,-101.795
7.662585034,-101.924
7.668390023,-91.401
7.674195011,-69.6823
7.680000000,-61.1012
7.685804989,-62.8603
7.691609977,-80.0052
7.697414966,-113.786
7.703219955,-129.074
7.709024943,-130.915
7.714829932,-132.204
7.720634921,-138.98
7.726439909,-159.807
7.732244898,-169.523
7.738049887,-164.531
7.743854875,-152.573
7.749659864,-142.747
7.755464853,-137.939
7.761269841,-126.868
7.767074830,-117.763
7.772879819,-115.218
7.778684807,-114.002
7.784489796,-111.564
7.790294785,-112.885
7.796099773,-105.875
7.801904762,-75.4318
7.807709751,-33.7484
7.813514739,11.13
7.819319728,33.1
7.825124717,6.12803
7.830929705,-30.228
7.836734694,-48.1276
7.842539683,-63.0724
7.848344671,-96.5697
7.854149660,-119.373
7.859954649,-124.945
7.865759637,-120.086
7.871564626,-110.871
7.877369615,-111.793
7.883174603,-127.486
7.888979592,-128.854
7.894784580,-109.362
7.900589569,-74.1022
7.906394558,-37.3219
7.912199546,17.6423
7.918004535,12.5642
7.923809524,-42.0289
7.929614512,-68.4581
7.935419501,-100.74
7.941224490,-83.2688
7.947029478,-75.8959
7.952834467,-56.4749
7.958639456,-60.7438
7.964444444,-71.5734
7.970249433,-92.5325
7.976054422,-118.316
7.981859410,-127.658
7.987664399,-123.309
7.993469388,-116.887
7.999274376,-105.566
8.005079365,-85.9349
8.010884354,-70.6961
8.016689342,-61.9961
8.022494331,-68.0455
8.028299320,-71.382
8.034104308,-75.8205
8.039909297,-68.2163
8.045714286,-58.1215
8.051519274,-44.4963
8.057324263,-48.6186
8.063129252,-45.8625
8.068934240,-24.8532
8.074739229,13.1787
8.080544218,35.7327
8.086349206,16.1192
8.092154195,-18.2557
8.097959184,-39.7089
8.103764172,-42.0802
8.109569161,-70.5113
8.115374150,-99.0603
8.121179138,-100.256
8.126984127,-94.3496
8.132789116,-99.8582
8.138594104,-102.133
8.144399093,-95.613
8.150204082,-93.2006
8.156009070,-93.3346
8.161814059,-84.0256
8.167619048,-68.9942
8.173424036,-60.8405
8.179229025,-51.8701
8.185034014,-48.7362
8.190839002,-56.6056
8.196643991,-69.9314
8.202448980,-83.7007
8.208253968,-85.9442
8.214058957,-70.0412
8.219863946,-63.5606
8.225668934,-58.0676
8.231473923,-47.9045
8.237278912,-48.5319
8.243083900,-48.9582
8.248888889,-44.4748
8.254693878,-45.0959
8.260498866,-43.5552
8.266303855,-47.8351
8.272108844,-60.6084
8.277913832,-74.5917
8.283718821,-85.1892
8.289523810,-86.3435
8.295328798,-84.2657
8.301133787,-83.8107
8.306938776,-89.2103
8.312743764,-98.5996
8.318548753,-99.1049
8.324353741,-95.1931
8.330158730,-88.9437
8.335963719,-85.2173
8.341768707,-87.6703
8.347573696,-83.9263
8.353378685,-79.8397
8.359183673,-74.2248
8.364988662,-63.9365
8.370793651,-57.1223
8.376598639,-54.4901
8.382403628,-39.4063
8.388208617,-11.1752
8.394013605,21.0946
8.399818594,35.441
8.405623583,15.0973
8.411428571,-27.2176
8.417233560,-37.4175
8.423038549,-60.0104
8.428843537,-70.5836
8.434648526,-63.5924
8.440453515,-65.623
8.446258503,-69.6521
8.452063492,-84.6227
8.457868481,-103.024
8.463673469,-101.115
8.469478458,-103.928
8.475283447,-112.327
8.481088435,-98.7736
8.486893424,-78.2919
8.492698413,-70.3853
8.498503401,-60.6359
8.504308390,-35.3459
8.510113379,-1.50854
8.515918367,24.6107
8.521723356,13.4741
8.527528345,-13.1569
8.533333333,-34.6291
8.539138322,-40.6485
8.544943311,-42.9265
8.550748299,-60.3539
8.556553288,-78.5892
8.562358277,-92.2136
8.568163265,-112.817
8.573968254,-115.565
8.579773243,-105.852
8.585578231,-94.557
8.591383220,-84.0241
8.597188209,-78.5076
8.602993197,-74.6862
8.608798186,-82.4473
8.614603175,-100.191
8.620408163,-94.8453
8.626213152,-58.9433
8.632018141,-20.6564
8.637823129,59.8233
8.643628118,91.9178
8.649433107,38.971
8.655238095,-23.4458
8.661043084,-51.7626
8.666848073,-55.6675
8.672653061,-58.479
8.678458050,-61.075
8.684263039,-89.5237
8.690068027,-125.55
8.695873016,-146.474
8.701678005,-134.075
8.707482993,-128.359
8.713287982,-128.662
8.719092971,-130.412
8.724897959,-140.934
8.730702948,-143.855
8.736507937,-145.979
8.742312925,-145.89
8.748117914,-138.244
8.753922902,-125.787
8.759727891,-121.469
8.765532880,-116.498
8.771337868,-99.0779
8.777142857,-69.3528
8.782947846,-58.7846
8.788752834,-41.3429
8.794557823,-42.3675
8.800362812,-47.9075
8.806167800,-59.84
8.811972789,-68.8555
8.817777778,-74.8121
8.823582766,-75.7468
8.829387755,-84.5001
8.835192744,-104.456
8.840997732,-127.354
8.846802721,-120.619
8.852607710,-111.387
8.858412698,-102.537
8.864217687,-90.9914
8.870022676,-86.9382
8.875827664,-94.7197
8.881632653,-98.0793
8.887437642,-89.9929
8.893242630,-77.6481
8.899047619,-76.737
8.904852608,-77.5612
8.910657596,-60.1099
8.916462585,-25.7325
8.922267574,15.1997
8.928072562,46.1865
8.933877551,38.5849
8.939682540,10.174
8.945487528,-26.2169
8.951292517,-45.4373
8.957097506,-81.4813
8.962902494,-130.245
8.968707483,-120.982
8.974512472,-112.076
8.980317460,-101.985
8.986122449,-90.6818
8.991927438,-81.6568
8.997732426,-84.1794
9.003537415,-78.4013
9.009342404,-54.4744
9.015147392,-45.668
9.020952381,-54.2353
9.026757370,-81.6545
9.032562358,-84.4173
9.038367347,-80.1024
9.044172336,-89.6415
9.049977324,-71.8629
9.055782313,-43.7991
9.061587302,-34.0289
9.067392290,-29.3061
9.073197279,-30.0843
9.079002268,-32.0637
9.084807256,-33.8134
9.090612245,-35.1606
9.096417234,-36.393
9.102222222,-60.9685
9.108027211,-89.8254
9.113832200,-96.6058
9.119637188,-87.2817
9.125442177,-76.8394
9.131247166,-68.7963
9.137052154,-59.7033
9.142857143,-52.2585
9.148662132,-56.6148
9.154467120,-75.5049
9.160272109,-91.3759
9.166077098,-82.3267
9.171882086,-70.789
9.177687075,-57.6272
9.183492063,-42.3518
9.189297052,-32.7781
9.195102041,-36.1066
9.200907029,-67.3363
9.206712018,-78.8162
9.212517007,-52.6012
9.218321995,-24.0776
9.224126984,24.5791
9.229931973,60.1672
9.235736961,51.888
9.241541950,10.1389
9.247346939,-39.8019
9.253151927,-42.7649
9.258956916,-65.0795
9.264761905,-72.7708
9.270566893,-73.1391
9.276371882,-83.1488
9.282176871,-90.8596
9.287981859,-91.6561
9.293786848,-98.7724
9.299591837,-106.863
9.305396825,-110.612
9.311201814,-102.782
9.317006803,-105.974
9.322811791,-110.595
9.328616780,-103.728
9.334421769,-89.4704
9.340226757,-86.0207
9.346031746,-89.1651
9.351836735,-78.9901
9.357641723,-75.3298
9.363446712,-81.8374
9.369251701,-82.4195
9.375056689,-84.4754
9.380861678,-87.9817
9.386666667,-87.2476
9.392471655,-80.4937
9.398276644,-73.3208
9.404081633,-61.9844
9.409886621,-55.9376
9.415691610,-56.893
9.421496599,-60.5934
9.427301587,-66.7253
9.433106576,-70.3732
9.438911565,-72.3416
9.444716553,-78.0475
9.450521542,-85.0814
9.456326531,-83.2624
9.462131519,-76.9738
9.467936508,-69.972
9.473741497,-65.5487
9.479546485,-64.8358
9.485351474,-61.5114
9.491156463,-47.3524
9.496961451,-20.6999
9.502766440,11.9515
9.508571429,29.5212
9.514376417,3.39066
9.520181406,-27.6627
9.525986395,-36.5441
9.531791383,-66.7845
9.537596372,-79.9027
9.543401361,-76.0786
9.549206349,-65.8733
9.555011338,-46.8946
9.560816327,-37.6594
9.566621315,-32.8397
9.572426304,-60.543
9.578231293,-86.2846
9.584036281,-64.2227
9.589841270,-33.9568
9.595646259,17.7645
9.601451247,43.4279
9.607256236,-1.65756
9.613061224,-30.0483
9.618866213,-33.4259
9.624671202,-24.0861
9.630476190,-27.7647
9.636281179,-39.579
9.642086168,-41.8907
9.647891156,-50.2128
9.653696145,-69.1643
9.659501134,-87.0988
9.665306122,-102.299
9.671111111,-109.314
9.676916100,-109.405
9.682721088,-107.474
9.688526077,-104.366
9.694331066,-95.4548
9.700136054,-81.371
9.705941043,-74.3931
9.711746032,-74.3734
9.717551020,-73.9118
9.723356009,-82.0039
9.729160998,-85.4977
9.734965986,-71.5941
9.740770975,-53.1498
9.746575964,-41.9594
9.752380952,-38.3508
9.758185941,-50.4606
9.763990930,-56.1103
9.769795918,-50.4623
9.775600907,-56.9243
9.781405896,-88.0483
9.787210884,-114.417
9.793015873,-96.899
9.798820862,-73.1005
9.804625850,-33.8812
9.810430839,21.209
9.816235828,25.3818
9.822040816,-17.7237
9.827845805,-44.5939
9.833650794,-48.1949
9.839455782,-52.8991
9.845260771,-70.5388
9.851065760,-90.1003
9.856870748,-99.9449
9.862675737,-99.0392
9.868480726,-97.5872
9.874285714,-94.406
9.880090703,-97.2289
9.885895692,-100.185
9.891700680,-107.717
9.897505669,-121
9.903310658,-127.696
9.909115646,-125.944
9.914920635,-120.446
9.920725624,-114.529
9.926530612,-113.85
9.932335601,-113.862
9.938140590,-109.458
9.943945578,-104.605
9.949750567,-102.679
9.955555556,-103.653
9.961360544,-105.067
9.967165533,-100.633
9.972970522,-89.6298
9.978775510,-83.6777
9.984580499,-85.6196
9.990385488,-81.0862
9.996190476,-75.2635
10.001995465,-67.8854
10.007800454,-59.8573
10.013605442,-61.7902
10.019410431,-70.2011
10.025215420,-77.5267
10.031020408,-78.7239
10.036825397,-72.4689
10.042630385,-66.8686
10.048435374,-66.4019
10.054240363,-69.3821
10.060045351,-75.1388
10.065850340,-79.2822
10.071655329,-80.6211
10.077460317,-80.7663
10.083265306,-76.97
10.089070295,-71.4848
10.094875283,-68.343
10.100680272,-69.7263
10.106485261,-77.0838
10.112290249,-89.2543
10.118095238,-97.8146
10.123900227,-97.3145
10.129705215,-95.5297
10.135510204,-87.6581
10.141315193,-78.4638
10.147120181,-72.6281
10.152925170,-65.1381
10.158730159,-59.1936
10.164535147,-66.3758
10.170340136,-81.5863
10.176145125,-88.1441
10.181950113,-71.962
10.187755102,-46.0809
10.193560091,-27.4749
10.199365079,-21.8353
10.205170068,-37.8243
10.210975057,-45.4739
10.216780045,-83.0915
10.222585034,-98.6863
10.228390023,-87.8545
10.234195011,-75.7477
10.240000000,-70.2244
10.245804989,-64.2567
10.251609977,-72.3595
10.257414966,-89.0669
10.263219955,-99.0549
10.269024943,-98.212
10.274829932,-93.6669
10.280634921,-83.4333
10.286439909,-77.7053
10.292244898,-77.8651
10.298049887,-73.4776
10.303854875,-65.0198
10.309659864,-59.3166
10.315464853,-60.1654
10.321269841,-59.9876
10.327074830,-57.2615
10.332879819,-57.0977
10.338684807,-54.1339
10.344489796,-47.1426
10.350294785,-33.9153
10.356099773,-10.4403
10.361904762,43.3686
10.367709751,103.972
10.373514739,152.134
10.379319728,163.469
10.385124717,132.772
10.390929705,55.0992
10.396734694,-46.0672
10.402539683,-79.4681
10.408344671,-108.51
10.414149660,-177.006
10.419954649,-216.614
10.425759637,-213.883
10.431564626,-201.681
10.437369615,-178.984
10.443174603,-154.297
10.448979592,-148.398
10.454784580,-145.145
10.460589569,-144.382
10.466394558,-147.178
10.472199546,-135.981
10.478004535,-101.375
10.483809524,-72.3856
10.489614512,-84.6799
10.495419501,-150.894
10.501224490,-202.505
10.507029478,-171.274
10.512834467,-136.956
10.518639456,-106.546
10.524444444,-88.7832
10.530249433,-64.4483
10.536054422,-66.401
10.541859410,-89.5787
10.547664399,-112.893
10.553469388,-107.875
10.559274376,-78.033
10.565079365,-75.5992
10.570884354,-77.116
10.576689342,-122.947
10.582494331,-187.976
10.588299320,-212.897
10.594104308,-193.578
10.599909297,-176.649
10.605714286,-163.113
10.611519274,-159.793
10.617324263,-154.297
10.623129252,-149.981
10.628934240,-146.519
10.634739229,-150.38
10.640544218,-155.925
10.646349206,-147.099
10.652154195,-135.981
10.657959184,-128.142
10.663764172,-120.912
10.669569161,-115.625
10.675374150,-109.804
10.681179138,-98.0341
10.686984127,-83.8141
10.692789116,-88.7996
10.698594104,-104.137
10.704399093,-96.0832
10.710204082,-62.1784
10.716009070,-20.5664
10.721814059,23.0634
10.727619048,8.39565
10.733424036,-41.1076
10.739229025,-46.377
10.745034014,-86.4414
10.750839002,-105.228
10.756643991,-108.717
10.762448980,-113.202
10.768253968,-115.045
10.774058957,-119.477
10.779863946,-113.788
10.785668934,-87.9458
10.791473923,-62.2653
10.797278912,-86.6469
10.803083900,-118.759
10.808888889,-101.005
10.814693878,-68.5599
10.820498866,-36.124
10.826303855,-17.9827
10.832108844,-31.6999
10.837913832,-38.5152
10.843718821,-41.0019
10.849523810,-43.4984
10.855328798,-44.2037
10.861133787,-47.2179
10.866938776,-53.8385
10.872743764,-66.255
10.878548753,-89.5795
10.884353741,-99.9327
10.890158730,-89.2047
10.895963719,-80.2298
10.901768707,-83.0048
10.907573696,-97.1831
10.913378685,-114.427
10.919183673,-115.4
10.924988662,-114.222
10.930793651,-114.223
10.936598639,-114.236
10.942403628,-114.831
10.948208617,-115.243
10.954013605,-116.067
10.959818594,-107.559
10.965623583,-89.0268
10.971428571,-78.0075
10.977233560,-63.019
10.983038549,-34.241
10.988843537,-5.83684
10.994648526,2.63685
11.000453515,-20.9899
11.006258503,-42.9876
11.012063492,-46.2152
11.017868481,-49.0037
11.023673469,-50.524
11.029478458,-85.2588
11.035283447,-124.12
11.041088435,-128.623
11.046893424,-115.566
11.052698413,-100.072
11.058503401,-88.8025
11.064308390,-86.1173
11.070113379,-99.2906
11.075918367,-125.703
11.081723356,-120.454
11.087528345,-109.305
11.093333333,-95.7262
11.099138322,-81.1891
11.104943311,-64.8998
11.110748299,-52.8182
11.116553288,-36.5379
11.122358277,-29.3135
11.128163265,-39.9689
11.133968254,-41.6345
11.139773243,-65.3129
11.145578231,-93.0995
11.151383220,-99.8273
11.157188209,-100.01
11.162993197,-107.858
11.168798186,-103.376
11.174603175,-84.0263
11.180408163,-65.4799
11.186213152,-62.8322
11.192018141,-55.9249
11.197823129,-61.6111
11.203628118,-68.5722
11.209433107,-69.7477
11.215238095,-69.1191
11.221043084,-78.3214
11.226848073,-94.3352
11.232653061,-101.875
11.238458050,-91.8466
11.244263039,-89.9576
11.250068027,-98.9306
11.255873016,-97.9265
11.261678005,-90.7085
11.267482993,-82.3398
11.273287982,-74.3084
11.279092971,-71.7699
11.284897959,-63.2378
11.290702948,-26.7489
11.296507937,44.987
11.302312925,116.23
11.308117914,115.083
11.313922902,23.5348
11.319727891,-52.6035
11.325532880,-70.9994
11.331337868,-105.028
11.337142857,-109.918
11.342947846,-115.591
11.348752834,-140.621
11.354557823,-136.05
11.360362812,-125.277
11.366167800,-134.008
11.371972789,-149.429
11.377777778,-146.509
11.383582766,-137.237
11.389387755,-115.511
11.395192744,-79.4366
11.400997732,-44.8795
11.406802721,-38.6923
11.412607710,-39.4118
11.418412698,-41.7623
11.424217687,-37.8078
11.430022676,-33.6182
11.435827664,-41.1577
11.441632653,-53.7021
11.447437642,-56.7622
11.453242630,-59.4087
11.459047619,-87.7793
11.464852608,-112.917
11.470657596,-141.772
11.476462585,-156.075
11.482267574,-153.946
11.488072562,-149.016
11.493877551,-134.699
11.499682540,-111.462
11.505487528,-100.728
11.511292517,-109.409
11.517097506,-123.532
11.522902494,-140.073
11.528707483,-112.52
11.534512472,-47.71
11.540317460,21.0713
11.546122449,91.1698
11.551927438,66.5499
11.557732426,-14.0863
11.563537415,-64.9587
11.569342404,-69.521
11.575147392,-99.7595
11.580952381,-106.369
11.586757370,-117.736
11.592562358,-149.205
11.598367347,-177.62
11.604172336,-171.851
11.609977324,-157.261
11.615782313,-161.391
11.621587302,-164.56
11.627392290,-157.298
11.633197279,-149.461
11.639002268,-146.93
11.644807256,-149.703
11.650612245,-165.193
11.656417234,-164.653
11.662222222,-153.195
11.668027211,-146.616
11.673832200,-134.2
11.679637188,-111.428
11.685442177,-95.4906
11.691247166,-82.2973
11.697052154,-69.3551
11.702857143,-73.7439
11.708662132,-84.571
11.714467120,-94.3931
11.720272109,-108.188
11.726077098,-127.753
11.731882086,-143.258
11.737687075,-136.757
11.743492063,-130.869
11.749297052,-127.396
11.755102041,-121.279
11.760907029,-115.275
11.766712018,-112.361
11.772517007,-116.195
11.778321995,-121.624
11.784126984,-120.041
11.789931973,-115.338
11.795736961,-107.453
11.801541950,-103.346
11.807346939,-90.6529
11.813151927,-59.1979
11.818956916,-17.7663
11.824761905,36.2494
11.830566893,30.3833
11.836371882,-16.1797
11.842176871,-45.8688
11.847981859,-60.838
11.853786848,-90.7093
11.859591837,-110.531
11.865396825,-123.116
11.871201814,-120.767
11.877006803,-118.313
11.882811791,-114.992
11.888616780,-103.145
11.894421769,-102.992
11.900226757,-120.391
11.906031746,-112.35
11.911836735,-79.7724
11.917641723,-35.0491
11.923446712,0.288105
11.929251701,22.4736
11.935056689,-3.47784
11.940861678,-43.3875
11.946666667,-46.476
11.952471655,-69.5594
11.958276644,-92.7082
11.964081633,-107.047
11.969886621,-116.991
11.975691610,-118.585
11.981496599,-122.684
11.987301587,-126.793
11.993106576,-116.155
11.998911565,-89.4326
12.004716553,-60.6997
12.010521542,-50.5324
12.016326531,-35.9258
12.022131519,-36.6201
12.027936508,-64.9702
12.033741497,-99.6194
12.039546485,-95.7304
12.045351474,-82.0225
12.051156463,-56.3198
12.056961451,-56.1214
12.062766440,-75.4049
12.068571429,-56.7124
12.074376417,49.8858
12.080181406,191.22
12.085986395,229.558
12.091791383,116.736
12.097596372,-16.6443
12.103401361,-85.8342
12.109206349,-97.2101
12.115011338,-144.439
12.120816327,-182.483
12.126621315,-210.693
12.132426304,-230.636
12.138231293,-217.537
12.144036281,-192.155
12.149841270,-180.177
12.155646259,-172.718
12.161451247,-171.276
12.167256236,-187.677
12.173061224,-208.163
12.178866213,-215.05
12.184671202,-203.368
12.190476190,-187.634
12.196281179,-186.038
12.202086168,-187.598
12.207891156,-173.272
12.213696145,-158.501
12.219501134,-165.385
12.225306122,-170.698
12.231111111,-172.094
12.236916100,-159.167
12.242721088,-141.601
12.248526077,-135.694
12.254331066,-137.295
12.260136054,-143.073
12.265941043,-153.51
12.271746032,-136.117
12.277551020,-121.627
12.283356009,-119.893
12.289160998,-125.833
12.294965986,-146.919
12.300770975,-154.403
12.306575964,-143.174
12.312380952,-137.316
12.318185941,-132.827
12.323990930,-134.871
12.329795918,-147.762
12.335600907,-141.916
12.341405896,-122.297
12.347210884,-105.813
12.353015873,-97.8496
12.358820862,-98.231
12.364625850,-90.0781
12.370430839,-59.5367
12.376235828,-31.6871
12.382040816,8.1643
12.387845805,18.415
12.393650794,3.94513
12.399455782,-17.8902
12.405260771,-44.9984
12.411065760,-59.4807
12.416870748,-62.2983
12.422675737,-88.6132
12.428480726,-114.068
12.434285714,-138.866
12.440090703,-169.894
12.445895692,-167.574
12.451700680,-156.89
12.457505669,-148.802
12.463310658,-142.205
12.469115646,-115.143
12.474920635,-53.4316
12.480725624,-25.0036
12.486530612,-14.5862
12.492335601,-54.9325
12.498140590,-58.2958
12.503945578,-101.189
12.509750567,-150.303
12.515555556,-159.98
12.521360544,-144.547
12.527165533,-134.543
12.532970522,-128.324
12.538775510,-120.193
12.544580499,-105.771
12.550385488,-94.4077
12.556190476,-94.5444
12.561995465,-89.459
12.567800454,-80.6268
12.573605442,-72.807
12.579410431,-69.9583
12.585215420,-81.2081
12.591020408,-106.246
12.596825397,-115.175
12.602630385,-108.185
12.608435374,-101.732
12.614240363,-97.3192
12.620045351,-90.3422
12.625850340,-80.3506
12.631655329,-65.2018
12.637460317,-58.067
12.643265306,-59.5388
12.649070295,-61.0192
12.654875283,6.91668
12.660680272,149.169
12.666485261,244.031
12.672290249,184
12.678095238,43.7747
12.683900227,-63.403
12.689705215,-94.3266
12.695510204,-99.4771
12.701315193,-110.134
12.707120181,-133.823
12.712925170,-163.624
12.718730159,-196.122
12.724535147,-223.656
12.730340136,-242.63
12.736145125,-231.178
12.741950113,-218.34
12.747755102,-213.029
12.753560091,-222.322
12.759365079,-248.482
12.765170068,-256.14
12.770975057,-254.396
12.776780045,-260.447
12.782585034,-244.105
12.788390023,-216.092
12.794195011,-193
12.800000000,-168.931
12.805804989,-134.656
12.811609977,-125.559
12.817414966,-145.114
12.823219955,-176.153
12.829024943,-204.079
12.834829932,-208.959
12.840634921,-218.27
12.846439909,-207.65
12.852244898,-194.851
12.858049887,-198.931
12.863854875,-198.864
12.869659864,-195.201
12.875464853,-196.873
12.881269841,-195.86
12.887074830,-193.693
12.892879819,-191.998
12.898684807,-186.201
12.904489796,-177.049
12.910294785,-160.275
12.916099773,-138.221
12.921904762,-124.964
12.927709751,-141.987
12.933514739,-130.376
12.939319728,-93.9708
12.945124717,-48.8524
12.950929705,3.65142
12.956734694,-1.05197
12.962539683,-54.7102
12.968344671,-60.4748
12.974149660,-89.0659
12.979954649,-110.848
12.985759637,-124.309
12.991564626,-143.096
12.997369615,-159.775
13.003174603,-143.96
13.008979592,-131.164
13.014784580,-139.542
13.020589569,-158.025
13.026394558,-159.618
13.032199546,-146.829
13.038004535,-109.933
13.043809524,-49.2499
13.049614512,-12.2082
13.055419501,5.87869
13.061224490,-38.4262
13.067029478,-59.3636
13.072834467,-79.0182
13.078639456,-106.719
13.084444444,-110.592
13.090249433,-106.686
13.096054422,-104.409
13.101859410,-118.145
13.107664399,-145.125
13.113469388,-171.296
13.119274376,-170.475
13.125079365,-164.301
13.130884354,-156.562
13.136689342,-146.946
13.142494331,-134.741
13.148299320,-122.616
13.154104308,-113.008
13.159909297,-104.715
13.165714286,-95.3767
13.171519274,-82.0151
13.177324263,-67.9954
13.183129252,-53.3036
13.188934240,-59.1688
13.194739229,-46.846
13.200544218,-24.4057
13.206349206,10.7839
13.212154195,37.33
13.217959184,19.989
13.223764172,-28.8407
13.229569161,-45.3527
13.235374150,-56.8035
13.241179138,-83.7708
13.246984127,-94.6417
13.252789116,-103.104
13.258594104,-104.258
13.264399093,-104.203
13.270204082,-100.093
13.276009070,-101.258
13.281814059,-107.259
13.287619048,-115.95
13.293424036,-122.727
13.299229025,-117.991
13.305034014,-110.291
13.310839002,-102.189
13.316643991,-94.8381
13.322448980,-85.8693
13.328253968,-80.3736
13.334058957,-76.1526
13.339863946,-62.9586
13.345668934,-41.8961
13.351473923,-18.7242
13.357278912,-3.51879
13.363083900,-25.0427
13.368888889,-43.1388
13.374693878,-63.7525
13.380498866,-89.6629
13.386303855,-91.9806
13.392108844,-84.2708
13.397913832,-88.392
13.403718821,-94.1477
13.409523810,-93.543
13.415328798,-89.1429
13.421133787,-85.236
13.426938776,-91.5526
13.432743764,-112.326
13.438548753,-119.889
13.444353741,-106.185
13.450158730,-92.56
13.455963719,-94.8813
13.461768707,-105.188
13.467573696,-100.528
13.473378685,-91.214
13.479183673,-83.2062
13.484988662,-85.2072
13.490793651,-82.0493
13.496598639,-57.1998
13.502403628,-23.9403
13.508208617,26.2073
13.514013605,49.7302
13.519818594,41.4947
13.525623583,21.7238
13.531428571,-8.87913
13.537233560,-46.0029
13.543038549,-59.632
13.548843537,-68.0133
13.554648526,-109.782
13.560453515,-149.29
13.566258503,-167.872
13.572063492,-161.298
13.577868481,-156.383
13.583673469,-151.51
13.589478458,-136.415
13.595283447,-129.137
13.601088435,-87.2102
13.606893424,-48.996
13.612698413,-22.4923
13.618503401,29.7431
13.624308390,54.5422
13.630113379,18.9555
13.635918367,-51.3288
13.641723356,-58.2276
13.647528345,-76.5779
13.653333333,-88.4953
13.659138322,-95.9981
13.664943311,-116.138
13.670748299,-145.736
13.676553288,-172.2
13.682358277,-159.505
13.688163265,-143.135
13.693968254,-137.16
13.699773243,-142.948
13.705578231,-126.815
13.711383220,-106.81
13.717188209,-106.718
13.722993197,-102.019
13.728798186,-114.762
13.734603175,-138.766
13.740408163,-137.732
13.746213152,-100.881
13.752018141,-42.043
13.757823129,74.257
13.763628118,138.197
13.769433107,69.299
13.775238095,-45.1407
13.781043084,-81.6814
13.786848073,-87.1988
13.792653061,-109.742
13.798458050,-105.633
13.804263039,-105.491
13.810068027,-114.735
13.815873016,-133.778
13.821678005,-169.629
13.827482993,-212.093
13.833287982,-239.115
13.839092971,-243.013
13.844897959,-260.931
13.850702948,-254.207
13.856507937,-239.82
13.862312925,-219.959
13.868117914,-201.4
13.873922902,-197.979
13.879727891,-188.639
13.885532880,-163.313
13.891337868,-120.521
13.897142857,-94.7092
13.902947846,-67.0586
13.908752834,-68.7867
13.914557823,-85.3925
13.920362812,-134.944
13.926167800,-177.177
13.931972789,-178.934
13.937777778,-175.744
13.943582766,-161.374
13.949387755,-146.201
13.955192744,-146.132
13.960997732,-144.85
13.966802721,-135.482
13.972607710,-133.433
13.978412698,-140.696
13.984217687,-143.958
13.990022676,-137.016
13.995827664,-131.788
14.001632653,-128.728
14.007437642,-118.79
14.013242630,-104.188
14.019047619,-91.5077
14.024852608,-52.6529
14.030657596,-11.14
14.036462585,59.6926
14.042267574,100.451
14.048072562,81.3619
14.053877551,4.84856
14.059682540,-61.4835
14.065487528,-92.7732
14.071292517,-156.774
14.077097506,-160.74
14.082902494,-141.706
14.088707483,-128.912
14.094512472,-131.989
14.100317460,-115.842
14.106122449,-95.0076
14.111927438,-114.995
14.117732426,-188.702
14.123537415,-189.701
14.129342404,-186.188
14.135147392,-125.6
14.140952381,-84.0527
14.146757370,-60.342
14.152562358,-44.5295
14.158367347,-36.7657
14.164172336,-38.5335
14.169977324,-40.3599
14.175782313,-42.3818
14.181587302,-44.2449
14.187392290,-87.8048
14.193197279,-122.431
14.199002268,-114.205
14.204807256,-105.619
14.210612245,-95.2959
14.216417234,-84.5731
14.222222222,-73.1769
14.228027211,-48.2175
14.233832200,-29.2602
14.239637188,-27.6396
14.245442177,-30.0901
14.251247166,-54.9305
14.257052154,-85.2697
14.262857143,-83.6494
14.268662132,-75.1216
14.274467120,-63.9538
14.280272109,-55.9736
14.286077098,-52.8975
14.291882086,-43.9259
14.297687075,-20.5219
14.303492063,27.2571
14.309297052,59.8039
14.315102041,55.1412
14.320907029,23.2185
14.326712018,-19.8541
14.332517007,-42.2416
14.338321995,-54.9574
14.344126984,-87.2754
14.349931973,-105.87
14.355736961,-106.207
14.361541950,-96.6358
14.367346939,-98.3769
14.373151927,-102.773
14.378956916,-101.443
14.384761905,-93.1982
14.390566893,-84.011
14.396371882,-75.5932
14.402176871,-58.2804
14.407981859,-50.1579
14.413786848,-70.4936
14.419591837,-102.935
14.425396825,-97.6687
14.431201814,-83.9224
14.437006803,-75.4034
14.442811791,-67.816
14.448616780,-63.0476
14.454421769,-71.253
14.460226757,-85.0378
14.466031746,-96.1327
14.471836735,-91.25
14.477641723,-79.9612
14.483446712,-69.7794
14.489251701,-59.3064
14.495056689,-49.5733
14.500861678,-37.5059
14.506666667,-30.1038
14.512471655,-26.7612
14.518276644,-9.82497
14.524081633,-19.7029
14.529886621,-37.3607
14.535691610,-88.1564
14.541496599,-109.058
14.547301587,-93.596
14.553106576,-93.7661
14.558911565,-83.896
14.564716553,-63.6149
14.570521542,-53.9953
14.576326531,-47.4063
14.582131519,-52.5326
14.587936508,-56.2142
14.593741497,-34.9722
14.599546485,13.5353
14.605351474,78.7915
14.611156463,92.8805
14.616961451,62.8919
14.622766440,20.3596
14.628571429,-35.4911
14.634376417,-51.4367
14.640181406,-97.8567
14.645986395,-125.305
14.651791383,-127.757
14.657596372,-135.938
14.663401361,-132.45
14.669206349,-126.125
14.675011338,-119.674
14.680816327,-110.303
14.686621315,-100.906
14.692426304,-97.5799
14.698231293,-84.5796
14.704036281,-49.4625
14.709841270,-6.36269
14.715646259,39.4183
14.721451247,20.7716
14.727256236,-32.5401
14.733061224,-40.2478
14.738866213,-47.5776
14.744671202,-51.4408
14.750476190,-51.8714
14.756281179,-56.8798
14.762086168,-61.9306
14.767891156,-64.6128
14.773696145,-69.3215
14.779501134,-76.8298
14.785306122,-86.6118
14.791111111,-96.8224
14.796916100,-101.099
14.802721088,-103.208
14.808526077,-109.699
14.814331066,-117.334
14.820136054,-126.68
14.825941043,-126.383
14.831746032,-127.249
14.837551020,-123.77
14.843356009,-119.633
14.849160998,-111.769
14.854965986,-92.4058
14.860770975,-78.3079
14.866575964,-86.2337
14.872380952,-80.6162
14.878185941,-31.4459
14.883990930,73.4173
14.889795918,153.608
14.895600907,133.038
14.901405896,39.0018
14.907210884,-57.4414
14.913015873,-72.3715
14.918820862,-83.5142
14.924625850,-106.676
14.930430839,-129.744
14.936235828,-159.776
14.942040816,-184.756
14.947845805,-180.576
14.953650794,-175.007
14.959455782,-173.089
14.965260771,-184.522
14.971065760,-194.248
14.976870748,-182.8
14.982675737,-171
14.988480726,-163.889
14.994285714,-167.097
15.000090703,-161.62
15.005895692,-155.267
15.011700680,-145.673
15.017505669,-131.397
15.023310658,-118.859
15.029115646,-107.808
15.034920635,-100.905
15.040725624,-97.58
15.046530612,-90.4822
15.052335601,-81.505
15.058140590,-77.8026
15.063945578,-74.2294
15.069750567,-70.3582
15.075555556,-70.624
15.081360544,-73.5759
15.087165533,-78.8741
15.092970522,-76.5951
15.098775510,-71.4682
15.104580499,-68.2346
15.110385488,-68.5633
15.116190476,-66.5224
15.121995465,-63.9879
15.127800454,-61.7318
15.133605442,-59.5734
15.139410431,-56.137
15.145215420,-50.9447
15.151020408,-46.1114
15.156825397,-40.9262
15.162630385,-38.4701
15.168435374,-39.4608
15.174240363,-41.1816
15.180045351,-40.6888
15.185850340,-38.5997
15.191655329,-36.3525
15.197460317,-34.4062
15.203265306,-33.4767
15.209070295,-32.2119
15.214875283,-30.0704
15.220680272,-28.9002
15.226485261,-29.0698
15.232290249,-28.061
15.238095238,-26.0922
15.243900227,-25.4276
15.249705215,-25.5498
15.255510204,-23.9244
15.261315193,-23.1788
15.267120181,-22.145
15.272925170,-19.9714
15.278730159,-18.1083
15.284535147,-18.9917
15.290340136,-20.027
15.296145125,-18.5285
15.301950113,-17.3625
15.307755102,-16.5751
15.313560091,-16.7863
15.319365079,-16.6141
15.325170068,-15.6689
15.330975057,-14.0939
15.336780045,-12.7851
15.342585034,-11.5816
15.348390023,-11.5413
15.354195011,-11.6553
15.360000000,-11.4305
15.365804989,-11.3512
15.371609977,-10.6424
15.377414966,-9.25026
15.383219955,-6.97845
15.389024943,-5.84833
15.394829932,-5.52949
15.400634921,-5.71831
15.406439909,-5.97055
15.412244898,-5.30691
15.418049887,-3.93735
15.423854875,-4.03717
15.429659864,-4.21119
15.435464853,-4.4062
15.441269841,-4.5754
15.447074830,-4.76057
15.452879819,-4.93403
15.458684807,-6.71459
15.464489796,-10.4514
15.470294785,-13.6856
15.476099773,-12.3254
15.481904762,-11.9947
15.487709751,-12.1827
15.493514739,-10.8045
15.499319728,-8.61155
15.505124717,-6.76511
15.510929705,-6.20293
15.516734694,-5.25423
15.522539683,-5.65239
15.528344671,-7.13768
15.534149660,-8.67442
15.539954649,-8.57052
15.545759637,-7.86438
15.551564626,-7.19564
15.557369615,-6.90551
15.563174603,-6.24398
15.568979592,-4.82222
15.574784580,-4.43136
15.580589569,-4.50011
15.586394558,-5.15878
15.592199546,-6.80864
15.598004535,-6.64559
15.603809524,-5.8389
15.609614512,-5.0428
15.615419501,-4.35315
15.621224490,-4.31127
15.627029478,-4.23783
15.632834467,-3.88009
15.638639456,-3.942
15.644444444,-4.01442
15.650249433,-3.58827
15.656054422,-3.43733
15.661859410,-3.7302
15.667664399,-3.63861
15.673469388,-2.83643
15.679274376,-2.72494
15.685079365,-2.47887
15.690884354,-2.78408
15.696689342,-3.88972
15.702494331,-3.88052
15.708299320,-3.22701
15.714104308,-3.0649
15.719909297,-2.97334
15.725714286,-2.56308
15.731519274,-1.81834
15.737324263,-2.27134
15.743129252,-3.09157
15.748934240,-3.87392
15.754739229,-3.67219
15.760544218,-3.9394
15.766349206,-3.89173
15.772154195,-4.1796
15.777959184,-3.71952
15.783764172,-3.69117
15.789569161,-3.24843
15.795374150,-2.51959
15.801179138,-2.33545
15.806984127,-2.54761
15.812789116,-3.06794
15.818594104,-3.71311
15.824399093,-4.02787
15.830204082,-4.15192
15.836009070,-3.31887
15.841814059,-2.44876
15.847619048,-2.21945
15.853424036,-1.99212
15.859229025,-2.46836
15.865034014,-3.32058
15.870839002,-3.67244
15.876643991,-2.98023
15.882448980,-2.81041
15.888253968,-3.03648
15.894058957,-3.20414
15.899863946,-3.29215
15.905668934,-2.78216
15.911473923,-2.4209
15.917278912,-2.15241
15.923083900,-2.28447
15.928888889,-3.10976
15.934693878,-4.16885
15.940498866,-4.74474
15.946303855,-3.87831
15.952108844,-3.09133
15.957913832,-2.97208